bids_name	cjv	cnr	efc	fber	fwhm_avg	fwhm_x	fwhm_y	fwhm_z	icvs_csf	icvs_gm	icvs_wm	inu_med	inu_range	qi_1	qi_2	rpve_csf	rpve_gm	rpve_wm	size_x	size_y	size_z	snr_csf	snr_gm	snr_total	snr_wm	snrd_csf	snrd_gm	snrd_total	snrd_wm	spacing_x	spacing_y	spacing_z	summary_bg_k	summary_bg_mad	summary_bg_mean	summary_bg_median	summary_bg_n	summary_bg_p05	summary_bg_p95	summary_bg_stdv	summary_csf_k	summary_csf_mad	summary_csf_mean	summary_csf_median	summary_csf_n	summary_csf_p05	summary_csf_p95	summary_csf_stdv	summary_gm_k	summary_gm_mad	summary_gm_mean	summary_gm_median	summary_gm_n	summary_gm_p05	summary_gm_p95	summary_gm_stdv	summary_wm_k	summary_wm_mad	summary_wm_mean	summary_wm_median	summary_wm_n	summary_wm_p05	summary_wm_p95	summary_wm_stdv	tpm_overlap_csf	tpm_overlap_gm	tpm_overlap_wm	wm2max
sub-1_T2w	0.30432072213860817	1.902581489214443	0.5327186759844701	-1.0	2.674816761970156	2.5464902859104694	2.97592	2.50204	0.24178860432902716	0.6316906617849057	0.12652073388606708	0.9602807760238647	0.3071644604206085	0.005950534516639916	0.08081997726464069	15.675257354462987	8.638318856005698	43.5282835539	208	300	320	4.833635884939866	7.870437264569055	5.1967478936216365	2.8861705313559884	125.42956888128674	71.28470934234109	136.33371175002887	212.2868570264588	0.8000030517578125	0.75	0.75	14.772098355813597	0.0	1.3785297385416913	0.0	4522145.0	0.0	8.48491045832634	3.0841611005139726	0.23040510509430634	99.28580567404694	624.1607704143241	590.4800850600004	28838.0	477.3858612783253	850.6840057820082	122.15852851658111	0.22033924306057928	41.78056091868846	338.75833750988085	335.5843571126461	644464.0	274.55038768053055	414.2849758565426	42.638558122303635	1.0703954275340877	160.22465289035944	863.5623004495387	999.374888330698	59909.0	41.54736831188203	1135.0719708055258	346.26039475641204	0.12288675652559612	0.3948426906067992	0.03564763968101941	0.8889091439404988
