bids_name	aor	aqi	dummy_trs	dvars_nstd	dvars_std	dvars_vstd	efc	fber	fd_mean	fd_num	fd_perc	fwhm_avg	fwhm_x	fwhm_y	fwhm_z	gcor	gsr_x	gsr_y	size_t	size_x	size_y	size_z	snr	spacing_tr	spacing_x	spacing_y	spacing_z	summary_bg_k	summary_bg_mad	summary_bg_mean	summary_bg_median	summary_bg_n	summary_bg_p05	summary_bg_p95	summary_bg_stdv	summary_fg_k	summary_fg_mad	summary_fg_mean	summary_fg_median	summary_fg_n	summary_fg_p05	summary_fg_p95	summary_fg_stdv	tsnr
sub-1_task-rest_bold	0.0022712096774193547	0.003962035403225806	0	21.28453250065042	1.1620495891056912	0.9691375395934958	0.569610290622386	401.1258239746094	0.06167990546463126	1	0.8064516129032258	2.6886077777777775	2.5211099999999997	2.8280766666666666	2.7166366666666666	0.0295116	-0.011724402196705341	0.092314712703228	124	64	64	46	2.6246987620841593	3.0	3.0	3.0	3.0	22.751493220852684	10.139084953589565	57.38950729370117	28.90322494506836	107381.0	21.516128540039062	203.32257080078125	74.1556625366211	3.687218259276757	191.45897389986138	645.6514892578125	604.3064575195312	39267.0	356.6314453125	1077.9032470703119	230.2354736328125	64.8950817482546
